MERCHANT_CODE,VOUCHER_CODE,VOUCHER_NAME,description,category,sub_category
xXC,xXC2654,"Mã nạp Tiki Xu 20,000đ",">mã nạp tiki xu trị giá 20,000đ tương đương với phiếu mua hàng điện tử được dùng để cấn trừ vào giá ",Thương mại điện tử,Uncategorized
DOSALESFORCE22152Jzp,MA_BE_10012024_SF4486,Giảm 20% Di chuyển bằng beBike/beCar,">voucher giảm 20% tối đa 50,000đ cho chuyến đi bằng >bebike/becar áp dụng tại các thành phố be cung ",Vận tải - Giao vận,Dịch vụ giao hàng
xXC,xXC3723,"Thẻ nạp Mobifone 20,000đ",">đổi điểm vinid nhận ngay mã thẻ nạp tiền điện thoại >mobifone> mệnh giá 20,000đ.",Thương mại điện tử,Viễn thông
xXC,xXC12555,"Voucher 20,000đ Mua hàng tiện lợi",">voucher trị giá 20,000đ> áp dụng khi mua hàng tại chuỗi cửa hàng tiện lợi >circle k>.>ra đời từ năm",Bán lẻ FMCG,Cửa hàng tiện lợi
xXC,xXC9242,"Voucher 20,000đ Mỹ phẩm làm đẹp xu hướng",ở thành phiên bản hoàn hảo hơn mỗi ngày.,Sức khỏe - Làm đẹp,"Mỹ phẩm - Chăm sóc da, tóc"
xXC,xXC3725,"Thẻ nạp Mobifone 50,000đ",">đổi >điểm vinid nhận ngay >mã thẻ nạp tiền điện thoại >mobifone> mệnh giá 50,000đ>.",Tiện ích - Nhà mạng,Viễn thông
xXC,xXC3704,"Thẻ nạp Viettel 10,000đ",">đổi điểm vinid nhận ngay mã thẻ nạp tiền điện thoại viettel mệnh giá 10,000đ>.",Bán lẻ FMCG,Siêu thị
DOSALESFORCE22152Jzp,MA_BEGROUP_30012024_SF4561,"Voucher 20,000đ Di chuyển beBike/beCar",">voucher trị giá 20,000đ> áp dụng cho dịch vụ >bebike/becar> tại các thành phố be cung cấp dịch vụ.",Vận tải - Giao vận,Dịch vụ giao hàng
VUAHANGHIEU,MA_MAC_20012024_SF4510,"Giảm 159,000đ Đồ trang điểm cho nàng",">voucher ưu đãi giảm 159,000đ khi mua >từ 02 sản phẩm >thương hiệu mac thuộc chương trình siêu deal ",Sức khỏe - Làm đẹp,"Mỹ phẩm - Chăm sóc da, tóc"
xXC,xXC3707,"Thẻ nạp Viettel 50,000đ",">đổi >điểm vinid nhận ngay mã >thẻ nạp tiền điện thoại >viettel> mệnh giá 50,000đ.",Thương mại điện tử,Viễn thông
xXC,xXC3743,"Thẻ nạp Vietnamobile 50,000đ",">đổi điểm vinid nhận ngay thẻ nạp tiền điện thoại >vietnamobile> mệnh giá 50,000đ>.",Tiện ích - Nhà mạng,Viễn thông
xXC,xXC3741,"Thẻ nạp Vietnamobile 20,000đ",">đổi >điểm vinid nhận ngay >mã thẻ nạp tiền điện thoại >vietnamobile> mệnh giá 20,000đ>.",Tiện ích - Nhà mạng,Viễn thông
xXC,xXC3706,"Thẻ nạp Viettel 30,000đ",">voucher trị giá 30,000đ sử dụng để nạp tiền điện thoại >viettel",Tiện ích - Nhà mạng,Viễn thông
DOSALESFORCE22152Jzp,MA_BE_10012024_SF4485,"Giảm 20,000đ Đồ ăn ngon giao tận nơi",">giảm 20,000đ cho đơn hàng từ 85,000đ trở lên khi đặt befood.>*không áp dụng cho phụ phí và phí giao",Ẩm thực,Nhà hàng - Quán ăn
xXC,xXC3740,"Thẻ nạp Vietnamobile 10,000đ",">đổi 1,000 điểm vinid nhận ngay mã thẻ nạp tiền điện thoại vietnamobile mệnh giá 10,000đ>.>website v",Tiện ích - Nhà mạng,Viễn thông
xXC,xXC3714,"Thẻ nạp Vinaphone 20,000đ",">đổi điểm vinid nhận ngay mã thẻ nạp tiền điện thoại >vinaphone> mệnh giá 20,000đ>.",Tiện ích - Nhà mạng,Viễn thông
xXC,xXC3705,"Thẻ nạp Viettel 20,000đ",">đổi điểm vinid nhận ngay mã thẻ nạp tiền điện thoại >viettel> mệnh giá 20,000đ>.",Tiện ích - Nhà mạng,Viễn thông
xXC,xXC8900,"Voucher 20,000đ Buffet lẩu băng chuyền",">voucher trị giá 20,000đ> áp dụng khi thưởng thức buffet tại nhà hàng >kichi-kichi>.>kichi-kichi> là",Ẩm thực,Nhà hàng - Quán ăn
xXC,xXC3722,"Thẻ nạp Mobifone 10,000đ",">đổi điểm vinid nhận ngay mã thẻ nạp >tiền điện thoại >mobifone mệnh giá 10,000đ>.",Tiện ích - Nhà mạng,Viễn thông
xXC,xXC3715,"Thẻ nạp Vinaphone 30,000đ",">voucher trị giá 30,000đ sử dụng để thẻ nạp tiền điện thoại >vinaphone",Tiện ích - Nhà mạng,Viễn thông
xXC,xXC3724,"Thẻ nạp Mobifone 30,000đ",">voucher trị giá 30,000đ sử dụng để nạp tiền điện thoại >mobifone",Tiện ích - Nhà mạng,Viễn thông
xXC,xXC3755,Thẻ Data Mobifone 1.5GB/ 10 ngày,>đổi điểm vinid nhận ngay mã thẻ data >mobifone> 1.5gb sử dụng trong 10 ngày.,Tiện ích - Nhà mạng,Viễn thông
xXC,xXC3467,"Voucher 50,000đ Thức uống sáng tạo","m trà và cà phê đến tất cả các hệ thống: siêu thị, cửa hàng tiện lợi, kênh thương mại điện tử…",Bán lẻ FMCG,Cửa hàng tiện lợi
xXC,xXC3713,"Thẻ nạp Vinaphone 10,000đ",">đổi điểm vinid nhận ngay mã thẻ nạp tiền điện thoại >vinaphone> mệnh giá 10,000đ.",Tiện ích - Nhà mạng,Viễn thông
xXC,xXC579,"Voucher 30,000đ Đặt xe vi vu",">voucher trị giá 30,000đ> áp dụng cho dịch vụ đặt xe trên ứng dụng grab>: grabcar, grabcar 7 chỗ, gr",Vận tải - Giao vận,Dịch vụ giao hàng
0316282840MISHI,MA_MISHIO_08122023_SF4269,Giảm 40% tất cả các sản phẩm Gia dụng,>giảm giá 40% tất cả các sản phẩm gia dụng >mishio.,Bán lẻ FMCG,Gia dụng
DOSALESFORCE23221RiK,MAA_HAPPYSKINBEAUTYCLINIC_25122023_SF4402,"Liệu trình làm sạch da chỉ từ 81,000đ",>voucher ưu đãi các liệu trình sau:>- lấy nhân mụn chuẩn y khoa / skintox - massage lưu thông khí hu,Sức khỏe - Làm đẹp,Spa - Thẩm mỹ
DOSALESFORCE23221RiK,MAA_HAPPYSKINBEAUTYCLINIC_25122023_SF4401,"Giảm 25% Dịch vụ làm đẹp, điều trị da",">voucher ưu đãi giảm 25% toàn bộ dịch vụ spa tại happy skin beauty clinic.>giá dịch vụ từ 299,000đ -",Sức khỏe - Làm đẹp,Spa - Thẩm mỹ
DOSALESFORCE23221RiK,MAA_EMIMIEBYHAPPYSKIN_25122023_SF4373,"Giảm 30,000đ cho hóa đơn 350,000đ",">voucher giảm 30,000đ cho hóa đơn 350,000đ trở lên khi mua mỹ phẩm thuộc thương hiệu >emmié by happy",Sức khỏe - Làm đẹp,"Mỹ phẩm - Chăm sóc da, tóc"
xXC,xXC5162,"Voucher 30,000đ Mỹ phẩm và sức khỏe",">voucher trị giá 30,000đ> áp dụng tại các cửa hàng guardian.>thuộc tập đoàn dairy farm - nhà bán lẻ ",Bán lẻ FMCG,Siêu thị
xXC,xXC4760,"Voucher 30,000đ Chăm sóc mẹ và bé",">voucher trị giá 30,000đ> áp dụng tại hệ thống cửa hàng kids plaza.>kids plaza> chính là nơi hội tụ ",Mẹ & bé,Uncategorized
xXC,xXC5218,"Voucher 10,000đ Trà ngon đậm chất",">voucher trị giá 10,000đ> áp dụng tại hệ thống phúc long.>ra đời năm 1968 tại cao nguyên chè danh ti",Bán lẻ FMCG,Siêu thị
VUAHANGHIEU,MA_DIOR_20012024_SF4506,"Giảm 159,000đ Nước hoa và Son xinh",">voucher ưu đãi giảm 159,000đ khi mua >từ 02 sản phẩm dior >thuộc chương trình siêu deal trên websit",Sức khỏe - Làm đẹp,"Mỹ phẩm - Chăm sóc da, tóc"
xXC,xXC10766,"Voucher 30,000đ Mua sắm thả ga",.,Bán lẻ FMCG,Siêu thị
VUAHANGHIEU,MA_MLB_20012024_SF4503,"Giảm ngay 80,000đ Thời trang giới trẻ",">voucher ưu đãi giảm 80,000đ khi mua sản phẩm thương hiệu >mlb >thuộc chương trình siêu deal> >trên ",Thời trang và Phong cách sống,Thời trang
xXC,xXC3767,Thẻ Data Vinaphone 1.2GB/ 30 ngày,">đổi 2,000 điểm vinid nhận ngay mã thẻ data vinaphone 1.2gb sử dụng trong 30 ngày.>website vinaphone",Tiện ích - Nhà mạng,Viễn thông
VUAHANGHIEU,MA_ADIDAS_20012024_SF4501,"Giảm ngay 80,000đ Thời trang thể thao",">ưu đãi giảm 80,000đ khi mua sản phẩm thương hiệu >adidas> thuộc chương trình siêu deal trên website",Thời trang và Phong cách sống,Thời trang
VUAHANGHIEU,MA_NIKE_20012024_SF4505,"Giảm 80,000đ Thời trang năng động",">voucher ưu đãi giảm 80,000đ khi mua sản phẩm thương hiệu nike thuộc chương trình siêu deal trên web",Thời trang và Phong cách sống,Thời trang
xXC,xXC618,"Voucher 50,000đ Mua sắm Online siêu Hot",">voucher trị giá 50,000đ áp dụng mua sắm trên ứng dụng shopee (không bao gồm phí ship).",Thương mại điện tử,Uncategorized
0316282840MISHI,MA_AIRBIKE_12012024_SF4435,Giảm 50% Ghế massage và Máy tập thể dục,>giảm 50% áp dụng cho tất cả các sản phẩm ghế massage và máy tập thể dục thương hiệu airbike.>giá sả,Sức khỏe - Làm đẹp,Máy tập thể dục
VUAHANGHIEU,MA_SWAROVSKI_20012024_SF4509,"Giảm ngay 159,000đ Trang sức tinh tế",">voucher ưu đãi giảm 159,000đ khi mua >từ 02 sản phẩm >thương hiệu swarovski thuộc chương trình siêu",Thời trang và Phong cách sống,Trang sức - Phụ kiện
xXC,xXC11629,"Voucher 50,000đ Thức uống phong vị mới",>katinat tự hào mang đến những sản phẩm với hương vị đặc sắc và bạn chính là một phần đặc biệt của >,Ẩm thực,Đồ uống
xXC,xXC4774,"Voucher 50,000đ Ẩm thực phương Tây đặc sắc",u và những loại rượu vang ngon nổi tiếng.,Ẩm thực,Đồ uống
xXC,xXC5181,"Voucher 10,000đ Đồ uống truyền cảm hứng","vào miền nam, đâu đâu cũng là những không khí ấm áp và hiện đại của nhà. tại hà nội, tp.hồ chí minh,",Bán lẻ FMCG,Đồ uống
xXC,xXC5033,"Voucher 50,000đ Mỹ phẩm thiên nhiên xứ Hàn",">voucher trị giá 50,000đ> >sử dụng để mua sắm tại tất cả các cửa hàng >innisfree>. >innisfree ra đời",Sức khỏe - Làm đẹp,"Mỹ phẩm - Chăm sóc da, tóc"
xXC,xXC3726,"Thẻ nạp 100,000đ",">đổi điểm vinid nhận ngay mã thẻ nạp tiền điện thoại mobifone mệnh giá 100,000đ.",Bán lẻ FMCG,Cửa hàng tiện lợi
xXC,xXC12543,"Voucher 10,000đ Mua hàng tiện lợi",">voucher trị giá 10,000đ> áp dụng khi mua hàng tại chuỗi cửa hàng tiện lợi >circle k>.>ra đời từ năm",Bán lẻ FMCG,Cửa hàng tiện lợi
VUAHANGHIEU,MICHAELKORS_20012024_SF4472,"Giảm ngay 159,000đ Thời trang cao cấp",">voucher ưu đãi giảm 159,000đ khi mua >từ 02 sản phẩm >thương hiệu michael kors thuộc chương trình s",Thời trang và Phong cách sống,Thời trang
0316282840MISHI,MA_MISHIO_05012024_SF4432,Giảm 40% Máy hút thổi bụi không dây MK367,">- thiết kế nhỏ gọn, trọng lượng nhẹ, dễ dàng cầm nắm và thao tác>- dung lượng pin lớn, cho thời gia",Bán lẻ FMCG,Siêu thị
VUAHANGHIEU,MA_VERSACE_20012024_SF4513,"Giảm 159,000đ Nước hoa và Thời trang",">voucher ưu đãi giảm 159,000đ khi mua >từ 02 sản phẩm> thương hiệu versace thuộc chương trình siêu d",Thời trang và Phong cách sống,Thời trang
VUAHANGHIEU,MA_CHANEL_20012024_SF4507,"Giảm 159,000đ Nước hoa và Mỹ phẩm",">voucher ưu đãi giảm 159,000đ khi mua >từ 02 sản phẩm >thương hiệu chanel thuộc chương trình siêu de",Sức khỏe - Làm đẹp,"Mỹ phẩm - Chăm sóc da, tóc"
VUAHANGHIEU,MA_YSL_20012024_SF4508,"Giảm 159,000đ khi mua từ 02 sản phẩm",">voucher ưu đãi giảm 159,000đ khi mua >từ 02 sản phẩm >thương hiệu ysl thuộc chương trình siêu deal ",Bán lẻ FMCG,Siêu thị
VUAHANGHIEU,MA_COACH_20012024_SF4514,"Giảm 159,000đ Nước hoa và Túi thời trang",">voucher ưu đãi giảm 159,000đ khi mua >từ 02 sản phẩm >thương hiệu coach thuộc chương trình siêu dea",Thời trang và Phong cách sống,Thời trang
xXC,xXC4783,"Voucher 30,000đ Trà và Cà phê chất lượng",">voucher trị giá 30,000đ> áp dụng tại hệ thống phúc long.>ra đời năm 1968 tại cao nguyên chè danh ti",Bán lẻ FMCG,Siêu thị
xXC,xXC12557,"Voucher 30,000đ Mua hàng tiện lợi",">voucher trị giá 30,000đ> áp dụng khi mua hàng tại chuỗi cửa hàng tiện lợi >circle k>.>bắt đầu từ nă",Bán lẻ FMCG,Cửa hàng tiện lợi
DOSALESFORCE23221RiK,MAA_EMMIEBYHAPPYSKIN_25122023_SF4372,"Giảm 60,000đ cho hóa đơn 650,000đ",">voucher giảm 60,000đ cho hóa đơn 650,000đ trở lên khi mua mỹ phẩm thuộc thương hiệu >emmié by happy",Sức khỏe - Làm đẹp,"Mỹ phẩm - Chăm sóc da, tóc"
xXC,xXC4866,"[Vinaphone] Thẻ nạp 20,000đ",">sau khi khách hàng đổi voucher&nbsp;>[vinaphone] thẻ nạp 20,000đ>&nbsp;sẽ không đổi được các vouche",Tiện ích - Nhà mạng,Viễn thông
xXC,xXC5086,"Voucher 30,000đ Đặt món ngon giao ngay",">voucher trị giá 30,000đ sử dụng để thanh toán hóa đơn cho dịch vụ grab food trên ứng dụng grab.",Ẩm thực,Nhà hàng - Quán ăn
xXC,MAA_GRAB_13102023_SF4014,"Voucher 30,000đ Đặt xe vi vu",">voucher trị giá 30,000đ áp dụng cho dịch vụ đặt xe trên ứng dụng grab.>grab> là siêu ứng dụng đa dị",Vận tải - Giao vận,Dịch vụ giao hàng
xXC,xXC8791,"Voucher 10,000đ Mua sắm thả ga",.,Bán lẻ FMCG,Cửa hàng tiện lợi
0316282840MISHI,MA_MISHIO_05012024_SF4433,Giảm 50% Vali du lịch xếp gọn MK355,"e làm từ cao su chống ồn, độ bền cao",Thời trang và Phong cách sống,Vali
VUAHANGHIEU,MA_ESTEELAUDER_20012024_SF4512,"Giảm ngay 159,000đ Mỹ phẩm dưỡng da",">voucher ưu đãi giảm 159,000đ khi mua >từ 02 sản phẩm> thương hiệu estée lauder thuộc chương trình s",Sức khỏe - Làm đẹp,"Mỹ phẩm - Chăm sóc da, tóc"
0316282840MISHI,MA_MISHIO_05012024_SF4431,Giảm 40% Nồi lẩu điện MK328 4L,t giúp người dùng yên tâm sử dụng,Bán lẻ FMCG,Siêu thị
DOSALESFORCE23359nRU,MA_HEALTHYCARE_25122023_SF4384,Sữa bò non Top Life - Mua 02 tính tiền 01,">ưu đãi >mua 02 tính tiền 01> áp dụng với sản phẩm >sữa bò non top life> - giá chỉ 480,000đ.>link th",Bán lẻ FMCG,Siêu thị
DOSALESFORCE23359nRU,MA_HEALTHYCARE_25122023_SF4383,"Combo Vitamin C + Tinh dầu tỏi 490,000đ",">ưu đãi combo 01 lọ >viên nhai vitamin c >springleaf >500mg> + 01 lọ >tinh dầu tỏi> giá chỉ 490,000đ",Sức khỏe - Làm đẹp,Thực phẩm chức năng - CSSK
VUAHANGHIEU,MA_LACOSTE_20012024_SF4502,"Giảm 80,000đ Thời trang đa phong cách",">voucher ưu đãi giảm 80,000đ khi mua sản phẩm thương hiệu >lacoste >thuộc chương trình siêu deal trê",Thời trang và Phong cách sống,Thời trang
xXC,xXC4711,"[Viettel] Thẻ nạp 20,000đ",">sau khi khách hàng đổi voucher&nbsp;>[viettel] thẻ nạp 20,000đ> >sẽ không đổi được các voucher khác",Thương mại điện tử,Viễn thông
xXC,xXC6198,"Voucher 50,000đ Đặt món ngon giao ngay",">voucher trị giá 50,000đ sử dụng khi đặt hàng trên shopeefood.",Ẩm thực,Nhà hàng - Quán ăn
xXC,xXC3716,"Thẻ nạp Vinaphone 50,000đ",">đổi điểm vinid nhận ngay mã thẻ nạp tiền điện thoại >vinaphone> mệnh giá 50,000đ.",Tiện ích - Nhà mạng,Viễn thông
xXC,xXC10173,"Set cơm gà + Pepsi trị giá 57,000đ",giá giá trị thương hiệu.,Ẩm thực,Nhà hàng - Quán ăn
xXC,xXC6895,"Voucher 50,000đ Thời trang gia đình",">voucher trị giá 50,000đ> áp dụng cho hóa đơn mua sắm tại hệ thống cửa hàng >canifa>.>thương hiệu th",Thời trang và Phong cách sống,Thời trang
xXC,xXC4860,"Thẻ nạp Mobifone 20,000đ",">đổi 2,000 điểm vinid nhận ngay mã thẻ nạp tiền điện thoại mobifone mệnh giá 20,000đ.> >website mobi",Tiện ích - Nhà mạng,Viễn thông
xXC,xXC5508,"Voucher 100,000đ Uống cà phê đẳng cấp",">chi tiết chương trình>đổi điểm vinid nhận ngay voucher trị giá 100,000đ sử dụng tại hệ thống cửa hà",Ẩm thực,Đồ uống
xXC,xXC6438,"Voucher 50,000đ Mỹ phẩm làm đẹp dưỡng da",">voucher trị giá 50,000đ> áp dụng khi mua sắm tại hệ thống cửa hàng và website >beauty box>.>beauty ",Sức khỏe - Làm đẹp,"Mỹ phẩm - Chăm sóc da, tóc"
DOSALESFORCE23221RiK,MAA_EMMIEBYHAPPYSKIN_25122023_SF4371,"Giảm 90,000đ cho hóa đơn 900,000đ",">voucher giảm 90,000đ cho hóa đơn 900,000đ trở lên khi mua mỹ phẩm thuộc thương hiệu >emmié by happy",Sức khỏe - Làm đẹp,"Mỹ phẩm - Chăm sóc da, tóc"
xXC,xXC89,"Voucher 50,000đ Đồ uống truyền cảm hứng",>nhà> thật thuận tiện. >đến với the c>offee house để> trải nghiệm rất nhiều sự lựa chọn:>- espresso ,Ẩm thực,Đồ uống
xXC,xXC2417,"Voucher 50,000đ Lẩu Đài Loan đặc sắc",">voucher trị giá 50,000đ sử dụng tại&nbsp;tất cả các nhà hàng&nbsp;>manwah>.>thông tin nhà hàng>thực",Ẩm thực,Nhà hàng - Quán ăn
xXC,xXC3761,Thẻ Data Viettel 2.5GB/ 15 ngày,">đổi >4,000 điểm vinid nhận ngay> mã thẻ data&nbsp;viettel 2.5gb sử dụng trong 15 ngày.",Thương mại điện tử,Viễn thông
xXC,xXC5103,"Voucher 50,000đ Mua sắm online tiện lợi",">voucher trị giá 50,000đ áp dụng khi mua sắm trên lazada.>thông tin thương hiệu>lazada là nền tảng t",Thương mại điện tử,Uncategorized
xXC,xXC8525,"Voucher 50,000đ Cà phê và Trà thơm ngon"," công của >highlands coffee> là: không gian quán tuyệt vời, sản phẩm tuyệt hảo và dịch vụ chu đáo vớ",Ẩm thực,Đồ uống
DOSALESFORCE23359nRU,MA_HEALTHYCARE_29122023_SF4386,Siro cho bé - Mua 02 tính tiền 01,>ưu đãi >mua 02 tính tiền 01> áp dụng với sản phẩm >kids zinc + vitamin c liquid healthy care> - giá,Mẹ & bé,Uncategorized
0316282840MISHI,MA_KACHI_18102023_SF4032,Giảm 45% Bàn chải điện Kachi Sonic MK309,"hoạt động, đảm bảo thời gian đánh răng tiêu chuẩn>- >sạc khoảng 12 tiếng, sử dụng liên tục đến 30 ng",Sức khỏe - Làm đẹp,"Mỹ phẩm - Chăm sóc da, tóc"
VUAHANGHIEU,MA_LACOSTE_16112023_SF4211,"Giảm 80,000đ Giày da cao cấp",">voucher ưu đãi giảm 80,000đ khi mua giày >lacoste >thuộc chương trình deal hot trên website vua hàn",Thời trang và Phong cách sống,Giày dép
xXC,xXC11198,"Voucher 50,000đ Vương quốc đồ chơi","ư đồ nghề ảo thuật, dụng cụ nhà bếp, đồ dùng làm bánh.",Bán lẻ FMCG,Cửa hàng tiện lợi
xXC,xXC12558,"Voucher 50,000đ Mua hàng tiện lợi",">voucher trị giá 50,000đ> áp dụng khi mua hàng tại chuỗi cửa hàng tiện lợi >circle k>.>bắt đầu từ nă",Bán lẻ FMCG,Cửa hàng tiện lợi
xXC,xXC3706_Clone,"Thẻ nạp Viettel 30,000đ",">mã thẻ nạp tiền điện thoại viettel mệnh giá 30,000đ>.>website viettel",Tiện ích - Nhà mạng,Viễn thông
DOSALESFORCE22049Rbo,MA_BTASKEE_02062023_SF3423,Tặng 01 giờ Dịch vụ giúp việc tại nhà,">voucher ưu đãi tặng 01 giờ dịch vụ dọn nhà >trên app btaskee.>- 01 giờ dịch vụ có giá 80,000đ (>bta",Nhà cửa - Đời sống,Dịch vụ hỗ trợ gia đình
DOSALESFORCE22049Rbo,MA_BTASKEE_02062023_SF3424,"Giảm 30,000đ Dịch vụ dọn dẹp nhà cửa",">giảm ngay 30,000đ áp dụng cho tất cả dịch vụ trên ứng dụng btaskee.>- hiện tại, btaskee cung cấp hơ",Nhà cửa - Đời sống,Dịch vụ hỗ trợ gia đình
DOSALESFORCE23229Twc,MAA_KFC_01012024_SF4346,"Giảm 30,000đ cho hóa đơn từ 130,000đ",">ưu đãi giảm 30,000đ cho hóa đơn từ 130,000đ trở lên tại hệ thống nhà hàng kfc việt nam.>giá sản phẩ",Ẩm thực,Nhà hàng - Quán ăn
HIGHLANDS,MA_HIGHLANDS_02012024_SF4406,"Giảm 29,000đ cho hóa đơn từ 119,000đ",">voucher ưu đãi giảm 29,000đ cho hóa đơn từ 119,000đ trở lên >tại >highlands coffee>*sản phẩm áp dụn",Ẩm thực,Đồ uống
HIGHLANDS,MA_HIGHLANDS_02012024_SF4414,Mua 02 tặng 01 Trà và Freeze,">voucher ưu đãi >khi mua 02 ly trà hoặc freeze cỡ lớn hoặc vừa (cùng dòng), khách hàng được tặng thê",Ẩm thực,Đồ uống
HIGHLANDS,MA_HIGHLANDS_02012024_SF4407,Tặng 01 ly Trà size S,">voucher ưu đãi tặng 01 ly trà size s (trị giá 45,000đ) áp dụng khi mua >trà, freeze, phindi, cà phê",Ẩm thực,Đồ uống
0300521758PNJ,MA_PNJ_12012024_SF4479,"Giảm 10% tối đa 1,200,000đ",">giảm 10% tối đa 1,200,000đ cho >khách hàng mới> khi mua trang sức vàng pnj, trang sức platinum, tra",Thời trang và Phong cách sống,Trang sức - Phụ kiện
DOSALESFORCE23356V0w,MAA_GONGCHA_27122023_SF4345,Mua 02 tặng 01 Đồ uống mùa lễ hội,>ưu đãi mua 02 thức uống bất kỳ size l (trong menu >xmas drinks) >tặng 01 >trà sữa bánh quy gừng> si,Ẩm thực,Đồ uống
HIGHLANDS,MA_HIGHLANDS_02012024_SF4475,"Giảm 39,000đ cho hóa đơn từ 149,000đ",">voucher ưu đãi giảm 39,000đ cho hóa đơn từ 149,000đ trở lên >tại >highlands coffee>*sản phẩm áp dụn",Ẩm thực,Đồ uống
HIGHLANDS,MA_HIGHLANDS_01022024_SF4599,"Giảm 29,000đ cho hóa đơn từ 119,000đ",">voucher ưu đãi giảm 29,000đ cho hóa đơn từ 119,000đ trở lên >tại >highlands coffee>*sản phẩm áp dụn",Ẩm thực,Đồ uống
HIGHLANDS,MA_HIGHLANDS_01022024_SF4602,"Giảm 39,000đ cho hóa đơn từ 149,000đ",">voucher ưu đãi giảm 39,000đ cho hóa đơn từ 149,000đ trở lên >tại >highlands coffee>*sản phẩm áp dụn",Ẩm thực,Đồ uống
DOSALESFORCE2322785c,MA_KHRUABAANTHAI_15122023_SF4363,Giảm đến 20% Ẩm thực Thái Lan ấn tượng,"baan thai là điểm đến lý tưởng cho bạn cùng người thân, >bạn bè để >chia sẻ, thưởng thức và cùng khá",Ẩm thực,Nhà hàng - Quán ăn
DOSALESFORCE23220BbA,MA_SHANGCHI_02012024_SF4430,"Giảm 100,000đ Lẩu Đài Loan đặc sắc",">voucher giảm 100,000đ áp dụng cho hóa đơn 500,000đ trở lên tại >shang chi>chỉ áp dụng cho menu buff",Ẩm thực,Nhà hàng - Quán ăn
DOSALESFORCE23356V0w,MAA_GONGCHA_20012024_SF4488,Trà sữa ngon tặng topping thạch,>voucher miễn phí topping thạch hạnh nhân khi mua trà sữa size l bất kỳ trong menu của >gong cha>.>-,Ẩm thực,Đồ uống
DOSALESFORCE23342MBd,MAA_DINGTEA_08122023_SF4280_CL,Giảm 20% Menu Seasonal hấp dẫn,>ưu đãi&nbsp;giảm 20% áp dụng với các sản phẩm seasonal của ding tea.>bst seasonal gồm có 03 món:>- ,Ẩm thực,Đồ uống
DOSALESFORCE23229Twc,MAA_KFC_01012024_SF4349,"Giảm 60,000đ cho hóa đơn từ 240,000đ",">ưu đãi giảm 60,000đ cho hóa đơn từ 240,000đ trở lên tại hệ thống nhà hàng kfc việt nam.>giá sản phẩ",Ẩm thực,Nhà hàng - Quán ăn
HIGHLANDS,MA_HIGHLANDS_02012024_SF4410,"Giảm 39,000đ cho hóa đơn từ 139,000đ",">voucher ưu đãi giảm 39,000đ cho hóa đơn từ 139,000đ trở lên >tại >highlands coffee>*sản phẩm áp dụn",Ẩm thực,Đồ uống
DOSALESFORCE23199Um5,MA_KATINATCAFE_30012024_SF4559,"Voucher 20,000đ Thức uống phong vị mới",">voucher trị giá 20,000đ> áp dụng >cho tất cả sản phẩm tại hệ thống katinat>.>giá món khoảng từ 32,0",Ẩm thực,Đồ uống
GOLDENGATE,MAA_GOGIHOUSE_27012024_SF4579,"Voucher 50,000đ Thịt nướng Hàn Quốc",">voucher trị giá 50,000đ> áp dụng khi sử dụng dịch vụ tại nhà hàng gogi house &amp; gogi steak.>giá ",Ẩm thực,Nhà hàng - Quán ăn
0300521758PNJ,MA_PNJ_12012024_SF4480,Giảm 7% Trang sức thời trang,">giảm 7% tối đa 1,500,000đ khi mua trang sức vàng pnj, trang sức platinum, trang sức pnj hello kitty",Thời trang và Phong cách sống,Trang sức - Phụ kiện
DOSALESFORCE23341QvX,MAA_DIAG_30112023_SF4274,Tặng combo xét nghiệm kiểm tra sức khỏe,">tặng combo xét nghiệm kiểm tra sức khỏe trị giá 99,000đ bao gồm:>- xét nghiệm men gan asat>- xét ng",Ẩm thực,Bệnh viện - Phòng khám
0300521758PNJ,MA_PNJSILVER_12012024_SF4478,"Giảm 15% tối đa 1,500,000đ",">giảm 15% tối đa 1,500,000đ khi mua trang sức pnjsilver.>giá sản phẩm khoảng từ 195,000đ - 3,500,000",Thời trang và Phong cách sống,Trang sức - Phụ kiện
HIGHLANDS,MA_HIGHLANDS_10012024_SF4448,Mua 02 tặng 01 Trà ngon đậm vị,">voucher ưu đãi >khi mua 02 ly trà cỡ lớn (áp dùng tất cả dòng trà), khách hàng được tặng thêm 01 ly",Ẩm thực,Đồ uống
DOSALESFORCE23187out,MA_GSM_18092023_SF3856,"Voucher 10,000đ Di chuyển xanh hiện đại",">đổi điểm vinid nhận ngay v>oucher giảm 10,000đ sử dụng cho dịch vụ gọi xe xanh sm của gsm.",Vận tải - Giao vận,Ứng dụng gọi xe - Taxi
DOSALESFORCE23220BbA,MA_LEMONDESTEAK_02012024_SF4428,"Giảm 100,000đ Ẩm thực Pháp đầy lôi cuốn",">voucher giảm 100,000đ áp dụng cho hóa đơn 500,000đ (trước vat) trở lên khi sử dụng dịch vụ tại >nhà",Ẩm thực,Nhà hàng - Quán ăn
DOSALESFORCE21349LkF,MA_BOTOQUANMOC_15112023_SF4200,"Giảm tới 200,000đ Món ngon Hà thành",">voucher giảm đến 200,000đ cho khách hàng vinid khi thưởng thức ẩm thực tại >bò tơ quán mộc>.>ưu đãi",Ẩm thực,Nhà hàng - Quán ăn
CANIFA,MA_CANIFA_17012024_SF4518,"Giảm 100,000đ Thời trang gia đình",">giảm 100,000đ cho hóa đơn mua hàng từ 800,000đ trở lên, >áp dụng các sản phẩm canifa &amp; canifa k",Thời trang và Phong cách sống,Thời trang
HIGHLANDS,MA_HIGHLANDS_10012024_SF4447,Tặng 01 ly Trà size S,">voucher ưu đãi tặng 01 ly trà size s (trị giá 45,000đ) áp dụng khi mua >trà, freeze, phindi, cà phê",Ẩm thực,Đồ uống
DOSALESFORCE23342MBd,MAA_DINGTEA_08122023_SF4281,Mua 01 tặng 01 Trà sữa Đài Loan mê ly,">ưu đãi mua 01 đồ uống size l tặng 01 đồ uống seasonal bất kỳ tại ding tea.>giá món từ 42,000đ - 62,",Ẩm thực,Đồ uống
IBASIC,MA_iBasic_10122023_SF4367,"Giảm 200,000đ cho hóa đơn từ 500,000đ",">giảm ngay 200,000đ cho >hóa đơn từ 500,000đ trở lên> khi mua sản phẩm nội y và đồ ngủ tại ibasic.>-",Thời trang và Phong cách sống,Thời trang
MPAULACHOICE,MA_BIODERMA_21122023_SF4338,Giảm 10% Dược mỹ phẩm an toàn cho da,>giảm 10% khi mua sản phẩm thuộc thương hiệu bioderma>.>- áp dụng song song với giá đã giảm trên web,Sức khỏe - Làm đẹp,"Mỹ phẩm - Chăm sóc da, tóc"
DOSALESFORCE23220BbA,MA_YAKIMONO_02012024_SF4429,"Giảm 100,000đ Buffet nướng đậm chất Nhật",">voucher giảm 100,000đ cho hóa đơn 500,000đ khi dùng buffet> tại >nhà hàng yakimono>- >buffet godzil",Ẩm thực,Nhà hàng - Quán ăn
0300521758PNJ,MA_STYLEBYPNJ_12012024_SF4477,Giảm 15% khi mua trang sức bạc,">giảm 15% tối đa 2,000,000đ khi mua trang sức bạc style by pnj.>giá sản phẩm khoảng từ 255,000đ - 5,",Thời trang và Phong cách sống,Trang sức - Phụ kiện
HIGHLANDS,MA_HIGHLANDS_01022024_SF4600,Tặng 01 ly Trà size S,">voucher ưu đãi tặng 01 ly trà size s (trị giá 45,000đ) áp dụng khi mua >trà, freeze, phindi, cà phê",Ẩm thực,Đồ uống
IBASIC,MA_iBasic_10122023_SF4278,"Giảm 60,000đ cho hóa đơn từ 200,000đ",">giảm ngay 60,000đ cho >hóa đơn từ 200,000đ trở lên> khi mua sản phẩm nội y và đồ ngủ tại ibasic.>- ",Thời trang và Phong cách sống,Thời trang
DOSALESFORCE23058FeM,MAA_THAODIENSALONHAIRSPABEAUTY_01112023_SF4127,"Gội đầu thảo mộc chuyên sâu chỉ 199,000đ",>- b>7: gội xả thảo mộc cao cấp dưỡng tóc và trị gàu>- b>8: massage giảm đau mỏi cổ vai gáy>- b>9: h,Sức khỏe - Làm đẹp,Spa - Thẩm mỹ
HIGHLANDS,MA_HIGHLANDS_01022024_SF4601,Mua 02 tặng 01 Trà ngon đậm vị,">voucher ưu đãi >khi mua 02 ly trà cỡ lớn (áp dùng tất cả dòng trà), khách hàng được tặng thêm 01 ly",Ẩm thực,Đồ uống
VUANEM,MAA_VUANEM_01092023_SF3801,Giảm 6% Chăn ga gối đệm bền đẹp,">voucher ưu đãi giảm 6% áp dụng >cho đơn hàng từ 2,000,000đ> tại vua nệm.>giá sản phẩm khoảng từ 65,",Nhà cửa - Đời sống,Nội thất
01M8017618TORANO,MAA_TORANO_24102023_SF4112,"Giảm 100,000đ cho hóa đơn 500,000đ",">voucher giảm 100,000đ cho hóa đơn 500,000đ áp dụng với hàng nguyên giá tại thời trang torano.>giá s",Thời trang và Phong cách sống,Thời trang
01M8017618TORANO,MAA_TORANO_24102023_SF4102,"Giảm 50,000đ cho hóa đơn 300,000đ",">voucher giảm 50,000đ cho hóa đơn 300,000đ áp dụng với hàng nguyên giá tại thời trang torano.>giá sả",Thời trang và Phong cách sống,Thời trang
DOSALESFORCE22272NJP,MA_DAIRYQUEEN_05012024_SF4484,"Giảm 30% - tối đa 50,000đ",">dairy queen hiện đã có mặt trên khắp thế giới: mỹ, canada, thái lan và nay đã có hơn 24 cửa hàng tạ",Ẩm thực,Cửa hàng kem/bánh/kẹo
DOSALESFORCE24019hPR,MA_QUANNHAUTUDO_20012024_SF4516,Giảm 10% Món nhậu đặc sắc,">giảm 10% tối đa 200,000đ áp dụng toàn bộ hệ thống quán nhậu tự do.>giá món chỉ từ 49,000đ.",Ẩm thực,Nhà hàng - Quán ăn
DOSALESFORCE22075tfe,MA_CALIFORNIAFITNESS_05082022_SF1680,Tặng 21 ngày tập luyện đẳng cấp,>voucher tặng> >21 ngày trải nghiệm tập luyện đẳng cấp.>- chỉ dành cho khách hàng từ 18 tuổi trở lên,Sức khỏe - Làm đẹp,Phòng tập
30005256,MAA_DECATHLON_10112023_31012024,"Giảm 50,000đ cho hóa đơn từ 500,000đ",">voucher ưu đãi giảm 50,000đ cho hóa đơn mua sắm từ 500,000đ tại >decathlon.>giá sản phẩm từ 79,000đ",Thời trang và Phong cách sống,Thời trang
DOSALESFORCE22109wgC,MA_SHISEIDO_05112023_SF4140,"Giảm 200,000đ Mỹ phẩm chăm sóc da",">voucher giảm 200,000đ cho hóa đơn từ 1,000,000đ khi mua sản phẩm >shiseido> tại các cửa hàng có tro",Sức khỏe - Làm đẹp,"Mỹ phẩm - Chăm sóc da, tóc"
108984694SCTTHALONG,MAA_SUACHUATRANCHAUHALONG_20012024_SF4497,Mua 02 tặng 01 Sữa chua trân châu,">mua 02 sản phẩm sữa chua/ trà sữa bất kỳ, khách hàng được tặng 01 sữa chua trân châu hạ long tại cá",Ẩm thực,Cửa hàng kem/bánh/kẹo
DOSALESFORCE21336Amx,MA_RAUMAMIX_01122023_SF4265,"Giảm 30% cho hóa đơn từ 45,000đ",">giảm giá 30% (tối đa 50,000đ) cho hóa đơn từ 45,000đ tại >hệ thống cửa hàng rau má mix.",Ẩm thực,Đồ uống
DOSALESFORCE223612nx,MAP_CITiGYM_27062023_SF3464,Tặng 30 ngày tập luyện không giới hạn,g>- được sử dụng dịch vụ thư giãn sau luyện tập (sauna và steambath)>- nước uống miễn phí>- hệ thống,Sức khỏe - Làm đẹp,Phòng tập
DOSALESFORCE23362olO,MAA_SMILEBEAUTY_30122023_SF4427,Miễn phí cạo vôi răng hoặc trám răng,">voucher miễn phí cạo vôi răng hoặc trám răng trị giá 500,000đ> tại >nha khoa smile beauty",Sức khỏe - Làm đẹp,Nha khoa
GREENCOOK,MA_GREENCOOK_15112023_SF4199,Giảm 50% Chảo vân đá cho mọi loại bếp,"ải mái trên bếp hồng ngoại, bếp ga, bếp điện...>- >tay cầm bằng nhựa cách nhiệt, chống nóng tốt, có ",Nhà cửa - Đời sống,Gia dụng
DOSALESFORCE222726Cq,MA_SWENSENS_01102023_SF3872,"Giảm 35% cho hóa đơn từ 90,000đ",">đặc biệt, đến với swensen’s thực khách không chỉ được thưởng thức dòng kem trang trí đẹp mắt và tỉ ",Ẩm thực,Cửa hàng kem/bánh/kẹo
bt9,MA_Hoayeuthuong_05122023_SF4277,"Giảm 100,000đ Hoa và quà tặng xinh xắn",">giảm 100,000đ áp dụng cho tất cả sản phẩm (trừ hoa cắt cành) tại hoa yêu thương.>giá sản phẩm khoản",Nhà cửa - Đời sống,Hoa & Quà lưu niệm
bt9,MA_LOCATVN_05122023_SF4276,"Giảm 50,000đ Chậu cây cảnh trang trí",">giảm 50,000đ áp dụng cho tất cả sản phẩm tại locat.>giá sản phẩm khoảng từ 160,000đ - 1,400,000đ.",Nhà cửa - Đời sống,Hoa & Quà lưu niệm
MOID20253gTg,MA_WINSMILE_12092023_SF3867,Tặng gói chăm sóc răng miệng cao cấp,">tặng gói chăm sóc răng miệng cao cấp trị giá 500,000đ tại nha khoa >win smile>.>- ưu đãi giảm thêm ",Sức khỏe - Làm đẹp,Nha Khoa
DOSALESFORCE23058FeM,MAA_WONHEEKOREA_01112023_SF4132,"Peel da 01 lần chỉ 99,000đ", dụng cụ y tế>- b8: >sát khuẩn vùng điều trị bằng dung dịch povidine>- b9: >tiến hành peel da>- b10:,Sức khỏe - Làm đẹp,Spa - Thẩm mỹ
GOLDENGATE,MAA_MANWAH_27012024_SF4582,"Voucher 50,000đ Lẩu Đài Loan đặc sắc",">voucher trị giá 50,000đ> áp dụng khi sử dụng dịch vụ tại nhà hàng >manwah>.>giá món chỉ từ 49,000đ/",Ẩm thực,Nhà hàng - Quán ăn
MPAULACHOICE,MA_OBAGI_21122023_SF4358,Giảm 10% Mỹ phẩm chăm sóc da lão hóa,>giảm 10% khi mua sản phẩm thuộc thương hiệu obagi>.>- áp dụng song song với giá đã giảm trên websit,Sức khỏe - Làm đẹp,"Mỹ phẩm - Chăm sóc da, tóc"
DOSALESFORCE240191s3,MA_COFFILIA_20012024_SF4515,Giảm 20% Cà phê thương hiệu Việt,">giảm 20% (tối đa 50,000đ) cho hóa đơn từ 100,000đ trở lên, >áp dụng với các dòng sản phẩm cà phê và",Ẩm thực,Đồ uống
DOSALESFORCE23187out,MA_GSM_18092023_SF3852,"Voucher 20,000đ Đi xe xanh êm ái",">đổi&nbsp;điểm vinid nhận ngay voucher giảm 20,000đ sử dụng cho dịch vụ gọi xe&nbsp;xanh sm&nbsp;của",Vận tải - Giao vận,Ứng dụng gọi xe - Taxi
MPAULACHOICE,MA_BLACKMORRES_21122023_SF4389,Giảm 10% Viên uống tốt cho sức khỏe,>giảm 10% khi mua sản phẩm của thương hiệu >blackmores.>- áp dụng song song với giá đã giảm trên web,Sức khỏe - Làm đẹp,"Mỹ phẩm - Chăm sóc da, tóc"
DOSALESFORCE24017K2x,MAA_BEPLANH_12012024_SF4494,"Tặng 01 phần Trà trị giá 30,000đ",">tặng 01 phần trà trị giá 30,000đ khi order 01 phần cơm suất bất kỳ tại bếp lành.>- cơm thịt kho trứ",Ẩm thực,Nhà hàng - Quán ăn
DOSALESFORCE23058FeM,MAA_ANMIENSPATANBINH_24012024_SF4576,"Combo thư giãn chỉ với 295,000đ",>- b7: sấy tóc. tóc sẽ được sấy khô một cách nhẹ nhàng để giữ cho mái tóc khỏe mạnh>- b8: thưởng thứ,Sức khỏe - Làm đẹp,Spa - Thẩm mỹ
DOSALESFORCE222726Cq,MA_SWENSENS_04012024_SF4481,"Giảm 50,000đ cho hóa đơn từ 150,000đ",">đặc biệt, đến với swensen’s thực khách không chỉ được thưởng thức dòng kem trang trí đẹp mắt và tỉ ",Ẩm thực,Cửa hàng kem/bánh/kẹo
DOSALESFORCE22272NJP,MA_DAIRYQUEEN_05012024_SF4483,Giảm 25% Bánh kem lạnh size 8,">dairy queen hiện đã có mặt trên khắp thế giới: mỹ, canada, thái lan và nay đã có hơn 24 cửa hàng tạ",Ẩm thực,Cửa hàng kem/bánh/kẹo
HATHORBEAUTY,MA_HATHORBEAUTYSPA_26052023_SF3335,"01 buổi chăm sóc da nâng cơ chỉ 149,000đ","ớc 6: làm sạch và cân bằng độ ẩm cho da.>bước 7: massage nâng cơ, dẫn lưu với tinh dầu dược liệu giú",Sức khỏe - Làm đẹp,Spa - Thẩm mỹ
DOSALESFORCE23058FeM,MAA_LONGHAIRSALON_01112023_SF4135,Giảm 40% Combo Uốn/Nhuộm + Phục hồi tóc,"óc tóc như sử dụng những sản phẩm gội phù hợp, hướng dẫn khách hàng kẹp càng cua để giữ được độ bền ",Sức khỏe - Làm đẹp,Spa - Thẩm mỹ
DOSALESFORCE22049Ykn,MAA_COOLMATE_110122024_TangAo,"Tặng nước hoa trị giá 179,000đ",">tặng nước hoa cm24 9ml trị giá 179,000đ >cho tất cả hóa đơn từ 359,000đ trở lên> tại >coolmate>.>- ",Thời trang và Phong cách sống,Thời trang
MOID20280N0U,MA_ELITEFITNESS_21042023_SF3220,Tặng 14 ngày tập luyện không giới hạn,">tặng 14 ngày trải nghiệm tập luyện không giới hạn trị giá 2,500,000đ tại 01 trong những clb của eli",Sức khỏe - Làm đẹp,Phòng tập
DOSALESFORCE23334ssx,MA_YUHUA_15112023_SF4253,Giảm tới 24% Buffet lẩu Đài Loan,">+ giá đã bao gồm quầy buffet line>+ các loại nước uống, tráng miệng không giới hạn thay đổi theo ng",Ẩm thực,Nhà hàng - Quán ăn
DOSALESFORCE21329aGG,MA_TEKY_16112023_SF4252,Tặng 01 buổi trải nghiệm công nghệ,>tặng 01 buổi trải nghiệm công nghệ tại học viện công nghệ và sáng tạo trẻ teky.>- áp dụng cho khách,Giáo dục,Khóa học
DOSALESFORCE23058FeM,MAA_YENSPA_01112023_SF4137,"Chỉ 350,000đ cho dịch vụ Combo Daily",gừa tình trạng mụn trở lại>- b6: massage mặt kết hợp với tinh chất peptide làm săn chắc làn da>- b7:,Sức khỏe - Làm đẹp,Spa - Thẩm mỹ
MOID20274QZS,MA_May10_22012024_SF4603,"Giảm 200,000đ Thời trang công sở",">voucher giảm 200,000đ cho hóa đơn từ 1,000,000đ áp dụng với hàng nguyên giá của may10.>giá sản phẩm",Thời trang và Phong cách sống,Thời trang
DOSALESFORCE223418Dq,MA_TMVNGOCDUNG_25012024_SF4523,Tặng 01 suất Trẻ hóa da Aqua Peel,">tặng 01 suất trẻ hóa da aqua peel trị giá 4,000,000đ >tại thẩm mỹ viện ngọc dung.>áp dụng cho khách",Sức khỏe - Làm đẹp,Spa - Thẩm mỹ
0300521758PNJ,MA_STYLEBYPNJ_12012024_SF4476,"Giảm 150,000đ khi mua trang sức vàng",">giảm 150,000đ cho hóa đơn từ 2,000,000đ trở lên khi mua trang sức vàng style by pnj.>giá sản phẩm k",Thời trang và Phong cách sống,Trang sức - Phụ kiện
JUPVIEC,MA_JUPVIEC_15112023_SF4205,Giảm 30% Dịch vụ dọn dẹp vệ sinh,">giảm 30% với đơn hàng sử dụng dịch vụ từ 3h trở lên trên app jupviec.>giá dịch vụ khoảng từ 80,000đ",Nhà cửa - Đời sống,Dịch vụ hỗ trợ gia đình
DOSALESFORCE22049Ykn,MAA_COOLMATE_01122023_SF4248,"Tặng 01 áo thun trị giá 199,000đ",">tặng 0>1 áo thun trị giá 199,000đ cho tất cả hóa đơn từ 359,000đ trở lên> tại >coolmate>.>- áp dụng",Thời trang và Phong cách sống,Thời trang
DOSALESFORCE222712ed,MA_DHC_19102023_SF4030,Giảm 10% Chăm sóc sức khỏe sắc đẹp,">giảm ngay 10% cho đơn hàng 399,000đ trở lên khi mua sản phẩm của thương hiệu dhc tại best me.>giá s",Sức khỏe - Làm đẹp,"Mỹ phẩm - Chăm sóc da, tóc"
DOSALESFORCE22049Ykn,MAA_COOLMATE_01122023_SF4236,Giảm 15% Thời trang nam năng động,">ưu đãi giảm 15% cho đơn hàng từ 99,000đ trở lên tại >coolmate>.>- áp dụng cho giá sản phẩm đã giảm ",Thời trang và Phong cách sống,Thời trang
30005256,MAA_DECATHLON_10112023_SF4195,"Giảm 50,000đ cho hóa đơn từ 500,000đ",">voucher ưu đãi giảm 50,000đ cho hóa đơn mua sắm từ 500,000đ tại >decathlon.>giá sản phẩm từ 79,000đ",Thời trang và Phong cách sống,Thời trang
DOSALESFORCE23356WwD,MA_SPA100THAOMOC_26122023_SF4350,Giảm đến 50% Dịch vụ chăm sóc da,>giảm đến 50% cho các dịch vụ chăm sóc da tại >spa 100% thảo mộc như sau:>- giảm thâm mặt chuyên sâu,Sức khỏe - Làm đẹp,Spa - Thẩm mỹ
DOSALESFORCE23341xrI,MA_AMAREWELLNESSCENTER_01122023_SF4285,Giảm 50% Dịch vụ Onsen Jjimjilbang,>amare> hứa hẹn sẽ mang lại những trải nghiệm không thể quên cho bạn.,Sức khỏe - Làm đẹp,Spa - Thẩm mỹ
DOSALESFORCE23058FeM,MAA_DLYNKCLINIC_24012024_SF4564,"Lấy nhân mụn chuẩn Y khoa chỉ 99,000đ", phát>- b7: khách hàng sẽ được đắp một lớp mặt nạ chuyên dụng để làm dịu da và giảm tình trạng sưng ,Sức khỏe - Làm đẹp,Spa - Thẩm mỹ
DOSALESFORCE23058FeM,MAA_LISASPA_24012024_SF4566,"Combo Ủ trắng dịch yến chỉ 69,000đ",">- b8: chiếu đèn led sinh học, ánh sáng đèn led có tác dụng hỗ trợ đưa tinh chất huyết yến đi sâu và",Sức khỏe - Làm đẹp,Spa - Thẩm mỹ
MOID20315KFW,VIETNAMAIRLINES_30122020_3,"1,500 dặm thưởng Lotusmiles",">đổi 50,000 điểm vinid nhận ngay 1,500 dặm >thưởng lotusmiles> (dặm bay >vietnam airlines)>.",Vận tải - Giao vận,Hàng không
MOID20315KFW,VIETNAMAIRLINES_30122020_2,300 dặm thưởng Lotusmiles,">đổi 10,000 điểm vinid nhận ngay 300 dặm >thưởng lotusmiles> (dặm bay >vietnam airlines)>.",Vận tải - Giao vận,Hàng không
DOSALESFORCE222726Cq,MA_SWENSENSCAKE_04012024_SF4482,"Giảm 130,000đ Bánh kem lạnh 12 miếng",">đặc biệt, đến với swensen’s thực khách không chỉ được thưởng thức dòng kem trang trí đẹp mắt và tỉ ",Ẩm thực,Cửa hàng kem/bánh/kẹo
DOSALESFORCE23362CVR,SAPPACADEMY_30122023_SF4412,07 ngày học thử miễn phí khóa CFA Online,>voucher miễn phí 07 ngày học thử khóa học cfa online của >sapp academy.>,Giáo dục,Khóa học
DOSALESFORCE23058FeM,MAA_YUACADEMY_01112023_SF4139,"Gội đầu massage Vai Cổ Gáy chỉ 99,000đ",">ưu đãi dịch vụ gội đầu kết hợp massage vai cổ gáy giảm còn 99,000đ (giá gốc: 120,000đ) tại yu acade",Sức khỏe - Làm đẹp,Spa - Thẩm mỹ
DOSALESFORCE23341rA2,MA_BENHVIENTHUCUC_01122023_SF4284,"Tặng gói khám chuyên khoa Nội 150,000đ",">miễn phí khám ban đầu trị giá 150,000đ áp dụng với các chuyên khoa nội (gồm: nội chung, nội thần ki",Sức khỏe - Làm đẹp,Bệnh viện - Phòng khám
DOSALESFORCE23341rA2,MA_BENHVIENTHUCUC_01122023_SF4377,"Giảm 35% Khám sức khỏe, tầm soát ung thư",>giảm 35% các gói khám sức khỏe và tầm soát ung thư (từ nhóm 1 đến nhóm 14)> tại bệnh viện thu cúc.>,Sức khỏe - Làm đẹp,Bệnh viện - Phòng khám
DOSALESFORCE23359Cd3,MA_NINESHIELD_28122023_SF4379,"Giảm 100,000đ Máy sữa hạt Nhật Bản",">giảm ngay 100,000đ khi mua máy sữa hạt nineshield kb 108 chính hãng nhật bản.>- áp dụng song song v",Nhà cửa - Đời sống,Gia dụng
DOSALESFORCE23341rA2,MA_BENHVIENTHUCUC_01122023_SF4376,Giảm 20% Công tán sỏi mọi phương pháp,>giảm 20% công tán sỏi bằng tất cả các phương pháp (không bao gồm tiền thuốc và vật tư tiêu hao) >tạ,Sức khỏe - Làm đẹp,Bệnh viện - Phòng khám
DOSALESFORCE23341rA2,MA_BENHVIENTHUCUC_01122023_SF4375,Giảm 35% Công nội soi dạ dày đại tràng,">giảm 35% công nội soi dạ dày / đại tràng / dạ dày và đại tràng công nghệ thường, công nghệ nbi, côn",Sức khỏe - Làm đẹp,Bệnh viện - Phòng khám
DOSALESFORCE23058FeM,MAA_TRANGBEAUTYNAILCARE_01112023_SF4128,"Gội đầu bằng Goldwell chỉ 79,000đ",à sử dụng sản phẩm xịt dưỡng tóc có tác dụng dưỡng ẩm và nuôi dưỡng tóc,Sức khỏe - Làm đẹp,Spa - Thẩm mỹ
MOID20315KFW,VIETNAMAIRLINES_30122020_1,150 dặm thưởng Lotusmiles,">đổi 5,000 điểm vinid nhận ngay 150 dặm >thưởng lotusmiles> (dặm bay >vietnam airlines)>.",Vận tải - Giao vận,Hàng không
DOSALESFORCE233419jA,MAA_COMTHOBACHKHOA_01122023_SF4282,Giảm 15% Cơm thố ngon rẻ chất lượng,>voucher ưu đãi giảm 15% trên tổng hóa đơn cho khách hàng dùng bữa tại cửa hàng cơm thố bách khoa.>g,Ẩm thực,Nhà hàng - Quán ăn
315798431FLOWERSTORE,MA_POTICO_15122023_SF4362,Giảm 30% Hoa và quà tặng người thương,">giảm 30% (tối đa 120,000đ) >áp dụng song song với giá đã giảm khi mua hàng tại potico.> giá sản phẩ",Nhà cửa - Đời sống,Hoa & Quà lưu niệm
MPHONGYEN,THEORDINARY_17032023_SF3032,"Giảm 100,000đ Mỹ phẩm an toàn cho da",">giảm ngay 100,000đ khi mua sản phẩm the ordinary.>- áp dụng song song với giá giảm trên web>- giá s",Sức khỏe - Làm đẹp,"Mỹ phẩm - Chăm sóc da, tóc"
DOSALESFORCE213628ZZ,MA_BEAR_24102023_SF4144,"Nồi chiên không dầu Bear chỉ 1,545,000đ","iết lập thời gian làm việc, hẹn giờ lên đến 60 phút>- >bên trong lòng nồi phủ lớp ceramic cao cấp, c",Nhà cửa - Đời sống,Gia dụng
VUANEM,MAA_VUANEM_01022024_SF4596,Giảm 5% Chăn ga gối đệm bền đẹp,">voucher ưu đãi giảm 5% cho đơn hàng bất kỳ khi mua sắm tại vua nệm.>giá sản phẩm khoảng từ 65,000đ ",Nhà cửa - Đời sống,Nội thất
0313506115AHAMOVE,MA_AHAMOVE_01122023_SF4262,Giảm 50% Giao hàng bằng xe máy,">voucher giảm giá 50% (tối đa 25,000đ) cho 01 đơn giao hàng bằng xe máy của >ahamove, dành cho >khác",Vận tải - Giao vận,Dịch vụ giao hàng
HATHORBEAUTY,MA_HATHORBEAUTYSPA_26052023_SF3334,"01 buổi điều trị mụn chỉ còn 99,000đ","ề mặt da.>bước 6: lấy nhân mụn già, thô sần.>bước 7: đắp mặt nạ hỗ trợ điều trị mụn, mờ thâm.>bước 8",Sức khỏe - Làm đẹp,Spa - Thẩm mỹ
MOID20253gTg,MA_WINSMILE_12102023_SF3971,"Nhổ răng sâu chỉ với 500,000đ/01 răng",g dịch vụ: 30 phút - 60 phút / 01 lần>.,Sức khỏe - Làm đẹp,Nha Khoa
DOSALESFORCE213628ZZ,MAA_SUNHOUSE_27122023_SF4353,Giảm 33% Bếp hồng ngoại cảm ứng SHD6017,">giảm 33% bếp hồng ngoại sunhouse cảm ứng shd6017 (giá gốc 1,250,000đ còn 835,000đ).>- xuất xứ: trun",Nhà cửa - Đời sống,Gia dụng
01M8017618TORANO,MAA_TORANO_24102023_SF4113,"Giảm 150,000đ cho hóa đơn 700,000đ",">voucher giảm 150,000đ cho hóa đơn 700,000đ áp dụng với hàng nguyên giá tại thời trang torano.>giá s",Thời trang và Phong cách sống,Thời trang
01M8017618TORANO,MAA_TORANO_24102023_SF4114,"Giảm 300,000đ cho hóa đơn 1,500,000đ",">voucher giảm 300,000đ cho hóa đơn 1,500,000đ áp dụng với hàng nguyên giá tại thời trang torano.>giá",Thời trang và Phong cách sống,Thời trang
01M8017618TORANO,MAA_TORANO_24102023_SF4120,"Giảm 200,000đ cho hóa đơn 1,000,000đ",">voucher giảm 200,000đ cho hóa đơn 1,000,000đ áp dụng với hàng nguyên giá tại thời trang torano.>giá",Thời trang và Phong cách sống,Thời trang
MERRIMAN,MA_MERRIMAN_28092023_SF3886,"Giảm 100,000đ Thời trang công sở",">giảm 100,000đ cho hóa đơn trên 600,000đ tại hệ thống cửa hàng >merriman>- áp dụng cho hàng nguyên g",Sức khỏe - Làm đẹp,"Mỹ phẩm - Chăm sóc da, tóc"
DOSALESFORCE23058FeM,MAA_HOMBEAUTY_01112023_SF4124,Giảm 47% Massage cổ vai gáy + Gội đầu,"ểu đơn giản, sẵn sàng để tạo kiểu hoặc để bạn thoải mái đi ra ngoài",Sức khỏe - Làm đẹp,Spa - Thẩm mỹ
VinID,FLASHSALE12_BILLPAY30K,"Giảm 30,000 khi Nạp tiền điện thoại hoặc thanh toán hóa đơn",,Uncategorized,Uncategorized
DOSALESFORCE22075tfe,MA_HYPOXI_01122023_SF4267,Tặng đến 03 buổi tập giảm mỡ,>voucher áp dụng tập luyện miễn phí tại hypoxi (thuộc hệ thống california fitness >&amp; yoga>).>mỗi,Sức khỏe - Làm đẹp,Phòng tập
30005256,MAA_DECATHLON_10112023_SF4194,"Tặng 01 balo rút gọn trị giá 89,000đ",">tặng 01 balo rút gọn trị giá 89,000đ cho hóa đơn mua sắm từ 700,000đ tại >decathlon.>- hóa đơn phải",Thời trang và Phong cách sống,Thời trang
MOID20253gTg,MA_WINSMILE_12102023_SF3970,"Gói tẩy trắng răng chỉ còn 1,600,000đ",rắng răng>.>*>thời gian sử dụng dịch vụ: 30 phút - 60 phút / 01 lần>.,Sức khỏe - Làm đẹp,Nha Khoa
DOSALESFORCE23058FeM,MAA_PMTAESTHETICCLINIC_01112023_SF4126,"Điều trị nám sạm Laser chỉ 199,000đ",">*>lưu ý>: sau 15 phút thực hiện, hiệu quả sẽ dần xuất hiện và qua 24 tiếng, bạn sẽ thấy da sáng và ",Sức khỏe - Làm đẹp,Spa - Thẩm mỹ
DOSALESFORCE23058FeM,MAA_MHJCLINIC_01112023_SF4125,Giảm 50% dịch vụ Trẻ hóa da,>- b6>: kiểm tra lại da và bôi kem dưỡng để bảo vệ da khỏi tác động từ môi trường>*thời gian thực hi,Sức khỏe - Làm đẹp,Spa - Thẩm mỹ
DOSALESFORCE23058FeM,MAA_TRANGBEAUTYNAILCARE_01112023_SF4129,Giảm 20% dịch vụ Wax lông nách,ãn và hồi phục nhanh chóng,Sức khỏe - Làm đẹp,Spa - Thẩm mỹ
DOSALESFORCE22049Ykn,MAA_COOLMATE_110122024_giam15,Giảm 15% Thời trang nam năng động,">ưu đãi giảm 15% cho đơn hàng từ 99,000đ trở lên tại >coolmate>.>- áp dụng cho giá sản phẩm đã giảm ",Thời trang và Phong cách sống,Thời trang
DOSALESFORCE23058FeM,MAA_USNAILSPACALABEAUTYCENTER_24012024_SF4575,"Giảm 32% Sơn gel, cắt da, dưỡng móng","a, dưỡng móng cho mềm, đặc biệt mùa hanh khô tránh nẻ",Sức khỏe - Làm đẹp,Spa - Thẩm mỹ
DOSALESFORCE23058FeM,MAA_TUELAMBEAUTY_24012024_SF4562,"Trắng sáng trẻ hóa vùng nách chỉ 39,000đ","g chất để cung cấp dưỡng chất và độ ẩm cho vùng da điều trị>- b6: hấp đèn vùng nách, sẽ giúp dưỡng c",Sức khỏe - Làm đẹp,Spa - Thẩm mỹ
DOSALESFORCE23058FeM,MAA_HOMBEAUTY_24012024_SF4563,"Gội đầu dưỡng sinh chỉ 125,000đ",">- >bước cuối: sấy khô hoặc sấy kiểu đơn giản, sẵn sàng để bạn thoải mái đi ra ngoài",Sức khỏe - Làm đẹp,Spa - Thẩm mỹ
DOSALESFORCE23058FeM,MAA_ANMIENSPA_24012024_SF4567,"Gội đầu + Masssage cổ vai gáy 199,000đ",">giảm 20% >gói năng lượng: gội đầu + masssage tay, cổ vai gáy chỉ&nbsp;199,000đ> (giá gốc: 250,000đ)",Sức khỏe - Làm đẹp,Spa - Thẩm mỹ
DOSALESFORCE23356iQZ,MAA_SCOTSENGLISH_25102023_SF4391,Miễn phí kiểm tra năng lực tiếng Anh,">tặng voucher >trị giá 200,000đ> >test năng lực tiếng anh và bộ quà khi tham gia test tại >scots eng",Giáo dục,Khóa học
DOSALESFORCE23058FeM,MAA_ANMIENSPA_24012024_SF4568,"Gội và Massage đầu chỉ 129,000đ",">giảm 14% >gói bận rộn: gội đầu + masssage đầu chỉ&nbsp;129,000đ> (giá gốc: 150,000đ) tại an miên sp",Sức khỏe - Làm đẹp,Spa - Thẩm mỹ
DOSALESFORCE23342MBd,MAA_DINGTEA_08122023_SF4366,Giảm 10% Đồ uống Seasonal mới lạ,>ưu đãi&nbsp;giảm 10% áp dụng với các sản phẩm seasonal của ding tea.>bst seasonal gồm có 03 món:>- ,Ẩm thực,Đồ uống
DOSALESFORCE22112wIe,MAA_AROMA_20012024_SF4489,Giảm 10% Học Tiếng Anh cho người đi làm,>giảm ngay 10% khi đăng ký khóa học tiếng anh cho người đi làm >bất kỳ >tại >aroma.>học phí mỗi gói ,Giáo dục,Khóa học
2500217389NAGAKAWA,MAA_NAGAKAWA_25122023_SF4398,"Chảo chống dính đáy từ 28cm chỉ 499,000đ",">ưu đãi >chảo chống dính đáy từ nagakawa nag2854 chỉ còn 499,000đ>.>xuất xứ: trung quốc.>chảo chống ",Nhà cửa - Đời sống,Gia dụng
DOSALESFORCE23296SGj,MA_LADOMAX_29122023_SF4382,Giảm 45% Nồi cơm điện HA-7612 1.2L,iệu đèn>- cơm được giữ ấm trong nồi lên đến 4 giờ sau khi rút điện>-&nbsp;nắp nồi có van thoát hơi n,Nhà cửa - Đời sống,Gia dụng
DOSALESFORCE23362olO,MAA_SMILEBEAUTY_30122023_SF4426,"Giảm 5,000,000đ Niềng răng hoặc Implant",">voucher giảm 5,000,000đ chi phí dịch vụ niềng răng hoặc cấy ghép implant tại >nha khoa smile beauty",Sức khỏe - Làm đẹp,Nha khoa
DOSALESFORCE23058FeM,MAA_YENSPA_01112023_SF4138,"Chỉ 650,000đ cho dịch vụ Combo Vacation", mịn,Sức khỏe - Làm đẹp,Spa - Thẩm mỹ
DOSALESFORCE23272J0e,MAA_AURABOX_25122023_SF4354,"Chăm sóc da đầu thư giãn chỉ 380,000đ",gáy>- >bước 7: sấy tóc>- >bước 8: cấp ẩm cho tóc bằng serum dưỡng tóc,Sức khỏe - Làm đẹp,Spa - Thẩm mỹ
MPAULACHOICE,MA_NUXE_21122023_SF4339,Giảm 10% Dược mỹ phẩm Pháp,>giảm 10% khi mua sản phẩm thuộc thương hiệu nuxe>.>- áp dụng song song với giá đã giảm trên website,Sức khỏe - Làm đẹp,"Mỹ phẩm - Chăm sóc da, tóc"
DOSALESFORCE23356iQZ,MAA_SCOTSENGLISH_05122023_SF4420,Tặng khóa học Thuyết trình tiếng Anh,>voucher ưu đãi tặng 01 khóa học thuyết trình tiếng anh với giáo viên bản ngữ cho học sinh lứa tuổi ,Giáo dục,Khóa học
DOSALESFORCE23058FeM,MAA_THAODIENSALONHAIRSPABEAUTY_01112023_SF4142,Giảm 43% Gội đầu chuyên sâu Olaplex,"ai gáy giúp thư giãn, lưu thông máu>- b>6: xả sạch tóc với nước, sấy khô",Sức khỏe - Làm đẹp,Spa - Thẩm mỹ
0313358273ELSASPEAK,MAA_ELSASPEAK_24102023_SF4121,"Giảm 515,000đ ELSA Pro Premium 3 tháng",">voucher giảm 515,000đ khi đăng ký khóa học >elsa> pro premium> 3 tháng chỉ còn 1,198,000đ >(nguyên ",Giáo dục,Khóa học
MPAULACHOICE,MA_MAYBELLINE_21122023_SF4359,Giảm 10% Tẩy trang chuyên dụng giữ ẩm,>giảm 10% khi mua sản phẩm thuộc thương hiệu maybelline>.>- áp dụng song song với giá đã giảm trên w,Sức khỏe - Làm đẹp,"Mỹ phẩm - Chăm sóc da, tóc"
DOSALESFORCE23359SIO,MAA_CASHION_28122023_SF4388,"Giảm 1,000,000đ Kim cương và hàng hiệu",">giảm ngay 1,000,000đ khi mua hàng tại cashion - chuyên phân phối hàng hiệu authentic hàng đầu việt ",Thời trang và Phong cách sống,Thời trang
DOSALESFORCE23058FeM,MAA_WONHEEKOREA_01112023_SF4130,"Triệt lông Diode Laser chỉ 29,000đ","nhưng phải đảm bảo tính hiệu quả cao.>- bước >5: sau khi triệt lông, kỹ thuật viên dùng khăn ẩm để l",Sức khỏe - Làm đẹp,Spa - Thẩm mỹ
DOSALESFORCE23361QOB,MAA_GENSOLUTION_25122023_SF4416,Giảm 30% Tầm soát ung thư cho nữ,>giảm 30% gói pinkcare - xét nghiệm tầm soát nguy cơ ung thư di truyền cho nữ giới.>giá dịch vụ từ 2,Sức khỏe - Làm đẹp,Bệnh viện - Phòng khám
DOSALESFORCE23361QOB,MAA_GENSOLUTION_25122023_SF4415,Giảm 25% Tầm soát 05 loại ung thư,>giảm 25% chi phí gói xét nghiệm spot-mas hỗ trợ tầm soát phát hiện sớm 05 loại ung thư phổ biến nhấ,Sức khỏe - Làm đẹp,Bệnh viện - Phòng khám
DOSALESFORCE23058FeM,MAA_YENTRANGBEAUTY_24012024_SF4577,Giảm 50% Gội đầu siêu thư giãn," máu lưu thông tốt làm giảm tê bì tay và các ngón tay>- b16: kéo giãn vùng cổ, gáy>- b17: bóp vai>- ",Sức khỏe - Làm đẹp,Spa - Thẩm mỹ
DOSALESFORCE213628ZZ,MA_TEFAL_22122023_SF4352,Giảm 30% Nồi áp suất Smart Pro IH 5L,"3 lớp chống dính, độ dày lên đến 1.8mm, an toàn khi sử dụng>- có bảng hiển thị bằng đèn led, chức nă",Nhà cửa - Đời sống,Gia dụng
MOID20280N0U,MA_ELITEFITNESS_21042023_SF3219,Giảm 30% Thẻ tập CLB thể thao 5 sao,>giảm 30% cho khách hàng khi mua thẻ tập tại >elite fitness.>- chỉ dành cho khách hàng từ 18 tuổi tr,Sức khỏe - Làm đẹp,Phòng tập
DOSALESFORCE23359eqY,MA_BELLDUC_25122023_SF4381,Giảm 20% Sản phẩm tẩy rửa gia đình,>ưu đãi giảm 20% áp dụng cho tất cả sản phẩm thuộc thương hiệu bell đức.>- áp dụng với giá sau khuyế,Nhà cửa - Đời sống,Gia dụng
HATHORBEAUTY,MA_HATHORBEAUTYSPA_12102023_SF3969,"Peel trị mụn Tây Ban Nha chỉ 499,000đ",c da tại nhà theo từng tình trạng da của khách hàng.>*>tham khảo>: >facebook hathor beauty spa,Sức khỏe - Làm đẹp,Spa - Thẩm mỹ
DOSALESFORCE23356WwD,MA_SPA100THAOMOC_26122023_SF4419,"Giảm 50,000đ Massage toàn thân",">voucher giảm giá 50,000đ cho massage toàn thân tại >spa 100% thảo mộc>:>- massage body 45 phút: giả",Sức khỏe - Làm đẹp,Spa - Thẩm mỹ
DOSALESFORCE23362CVR,MAA_SAPPACADEMY_30122023_SF4423,"Giảm 2,024,000đ + Tặng bộ tài liệu CFA",">voucher ưu đãi giảm 2,024,000đ + tặng >bộ tài liệu cfa trị giá 2,000,000đ khi đăng ký khóa học cfa ",Giáo dục,Khóa học
DOSALESFORCE23359sVz,MA_SALADIN_28122023_SF4378,"Giảm 350,000đ Bảo hiểm vật chất Ô tô",">giảm 350,000đ cho đơn hàng từ 5,000,000đ đối với sản phẩm bảo hiểm vật chất ô tô khi mua trên >sala",Dịch vụ tài chính,Bảo hiểm
DOSALESFORCE21337U9g,MA_NHAKHOAVIETDUC_20012024_SF4499,Miễn phí 100% Vật liệu làm răng sứ,>miễn phí 100% vật liệu làm răng sứ tại >nha khoa việt đức:>- áp dụng miễn phí vật liệu từ 1 - 16 ră,Sức khỏe - Làm đẹp,Nha Khoa
DOSALESFORCE23334bji,MA_HAXUVINA_15112023_SF4286,Giảm 30% Mỹ phẩm và thực phẩm bổ dưỡng,>giảm 30% cho tất cả các sản phẩm nguyên giá + freeship toàn quốc khi mua hàng tại >haxuvina>.>giá s,Thương mại điện tử,Thương mại điện tử
DOSALESFORCE24017lkh,MA_KORIN_12012024_SF4496,"Giảm 20% Balo, túi đeo năng động",">giảm 20% (tối đa 1,000,000đ) sản phẩm balo, túi đeo chính hãng của >korin.>- áp dụng song song với ",Nhà cửa - Đời sống,Gia dụng
DOSALESFORCE23341rA2,MA_BENHVIENTHUCUC_01122023_SF4283,Giảm 35% Gói thai sản các tuần,>ưu đãi giảm 35% gói thai sản các tuần (không áp dụng gói vip) tại bệnh viện thu cúc.>giá khoảng từ ,Sức khỏe - Làm đẹp,Bệnh viện - Phòng khám
2500217389NAGAKAWA,MAA_NAGAKAWA_25122023_SF4395,"Bếp lẩu nướng điện NAG3104 chỉ 699,000đ","bộ bề mặt>- >vỏ sơn tĩnh điện bền đẹp, chống nóng và cách nhiệt an toàn",Nhà cửa - Đời sống,Gia dụng
DOSALESFORCE23058FeM,MAA_ANSSPA_24012024_SF4569,"Triệt lông lạnh Diode Laser chỉ 219,000đ", khách hàng>- b6: kiểm tra tia laser để đảm bảo tính hiệu quả của quá trình triệt lông>- b7: tiến hà,Sức khỏe - Làm đẹp,Spa - Thẩm mỹ
DOSALESFORCE23058FeM,MAA_OKINIWELLNESSSPA_24012024_SF4574,Giảm 41% Gói trị liệu giấc ngủ,khách hàng,Sức khỏe - Làm đẹp,Spa - Thẩm mỹ
MOID20253gTg,MA_WINSMILE_12092023_SF3868,Giảm 50% Nhổ răng khôn bằng Piezotome,hút - 60 phút / 01 răng.,Sức khỏe - Làm đẹp,Nha Khoa
MPAULACHOICE,MA_ASAP_21122023_SF4364,Giảm 10% Mỹ phẩm Úc chăm sóc da hiệu quả,>giảm 10% khi mua sản phẩm thuộc thương hiệu >asap>.>- áp dụng song song với giá đã giảm trên websit,Sức khỏe - Làm đẹp,"Mỹ phẩm - Chăm sóc da, tóc"
DOSALESFORCE23062vFl,MAA_GOCHEAP_12082023_SF3668,Giảm 10% dịch vụ Thuê tài xế lái xe hộ,>giảm giá 10% khi sử dụng dịch vụ thuê tài xế lái xe hộ cao cấp&nbsp;gocheap&nbsp;driverx.>giá dịch ,Vận tải - Giao vận,Vận tải - Giao vận khác
DOSALESFORCE23058FeM,MAA_DLYNKCLINIC_24012024_SF4565,"Peel da mụn chuẩn Y khoa chỉ 499,000đ",">- b3: tiến hành peel da>- b4: xịt dung dịch cấp ẩm dịu da, tránh để da sốc nhiệt khi tiếp xúc với á",Sức khỏe - Làm đẹp,Spa - Thẩm mỹ
DOSALESFORCE24036I0u,MA_MYKINGDOM_05022024_SF4614,"Giảm đến 300,000đ tại Vương quốc đồ chơi",">giảm đến 300,000đ cho những sản phẩm đồ chơi tại >my kingdom> thuộc thương hiệu mattel, hasbro và n",Mẹ & bé,Uncategorized
0313358273ELSASPEAK,MAA_ELSASPEAK_24102023_SF4122,"Giảm 222,000đ ELSA Pro Premium 1 tháng",">voucher giảm 222,000đ khi đăng ký khóa học >elsa> pro premium> 1 tháng chỉ còn 569,000đ (nguyên giá",Giáo dục,Khóa học
Innisfree,INNISFREE_04012023,"Mặt nạ My Real Squeeze - giá gốc 27,000đ",,Uncategorized,Uncategorized
DOSALESFORCE222712ed,MA_DEVEMEN_16122023_SF4360,Giảm 10% Sữa rửa mặt cho nam từ Nhật Bản,">giảm 10% áp dụng cho hóa đơn từ 399,000đ trở lên khi mua sản phẩm >deve men - nhãn hàng thuộc tập đ",Sức khỏe - Làm đẹp,"Mỹ phẩm - Chăm sóc da, tóc"
0313506115AHAMOVE,MA_AHAMOVE_01122023_SF4266,"Giảm 50% Giao hàng xe ba gác, xe tải",">voucher giảm giá 50% (tối đa 80,000đ) cho 01 đơn giao hàng bằng >xe ba gác, xe bán tải, xe van, xe ",Vận tải - Giao vận,Dịch vụ giao hàng
DOSALESFORCE23058FeM,MAA_ANSSPA_24012024_SF4572,"Trị thâm mụn Picosecond Laser 249,000đ",">ưu đãi dịch vụ> >trị thâm mụn lưng hoặc mụn mặt bằng công nghệ picosecond laser> chỉ 249,000đ tại a",Sức khỏe - Làm đẹp,Spa - Thẩm mỹ
DOSALESFORCE23221YUd,MA_HISPA_19122023_SF4368,Giảm 15% Gội đầu dưỡng sinh và trị liệu,">giảm 15% cho tất cả các dịch vụ tại >hi spa>, ngoại trừ một số dịch vụ như: >gội đầu cơ bản | super",Sức khỏe - Làm đẹp,Spa - Thẩm mỹ
BAMBOOAIRWAYS,BAMBOO500,500 điểm thưởng Bamboo Club,">đổi điểm vinid nhận ngay điểm thưởng bamboo club, điểm sẽ được gửi trực tiếp vào tài khoản bav mà k",Vận tải - Giao vận,Hàng không
BAMBOOAIRWAYS,BAMBOO100,100 điểm thưởng Bamboo Club,">đổi điểm vinid nhận ngay điểm thưởng bamboo club, điểm sẽ được gửi trực tiếp vào tài khoản bav mà k",Vận tải - Giao vận,Hàng không
HATHORBEAUTY,MA_HATHORBEAUTYSPA_12102023_SF3968,"Peel lỗ chân lông chỉ còn 499,000đ",>bước 8: cân bằng lại ph trên da.>bước 9: điện di huyết thanh phục hồi sửa chữa tế bào skin repair g,Sức khỏe - Làm đẹp,Spa - Thẩm mỹ
DOSALESFORCE23272J0e,MAA_AURABOX_30122023_SF4421,Giảm 50% Liệu trình điều trị chuyên sâu," gọn mặt, mắt, cằm, cổ, bàn tay >- triệt lông",Sức khỏe - Làm đẹp,Spa - Thẩm mỹ
CTCPVINID,OMC_Viettel50_active,"Thẻ nạp Viettel 50,000đ",">thẻ nạp tiền điện thoại viettel mệnh giá 50,000đ.>website viettel",Tiện ích - Nhà mạng,Viễn thông
BAMBOOAIRWAYS,BAMBOO1000,"1,000 điểm thưởng Bamboo Club",">đổi điểm vinid nhận ngay điểm thưởng bamboo club, điểm sẽ được gửi trực tiếp vào tài khoản bav mà k",Vận tải - Giao vận,Hàng không
DOSALESFORCE23058FeM,MAA_OKINIWELLNESSSPA_24012024_SF4573,"Giảm 100,000đ Khai khí toàn thân",một số bài tập/thay đổi thói quen tại nhà cho khách hàng,Sức khỏe - Làm đẹp,Spa - Thẩm mỹ
DOSALESFORCE23361QOB,MAA_GENSOLUTION_25122023_SF4417,Giảm 30% Tầm soát ung thư cho nam,>giảm 30% gói >mencare> - xét nghiệm tầm soát nguy cơ ung thư di truyền cho nam giới.>giá dịch vụ từ,Sức khỏe - Làm đẹp,Bệnh viện - Phòng khám
DOSALESFORCE23361QOB,MAA_GENSOLUTION_25122023_SF4418,Giảm 22% Xét nghiệm gen bệnh thể ẩn,">giảm 22% gói trisure carrier - xét nghiệm chẩn đoán mang gen bệnh thể ẩn.>giá dịch vụ từ 2,300,000đ",Sức khỏe - Làm đẹp,Bệnh viện - Phòng khám
2500217389NAGAKAWA,MA_Nagakawa_25122023_SF4397,"Nồi hấp điện inox NAG3310 chỉ 990,000đ",">ưu đãi >nồi hấp điện inox đa năng nagakawa nag3310> chỉ còn 990,000đ.>- xuất xứ: trung quốc>- bảo h",Nhà cửa - Đời sống,Gia dụng
DOSALESFORCE23058FeM,MAA_YENTRANGBEAUTY_24012024_SF4578,Giảm 25% Cấy vi điểm tăng sinh collagen,>- phục hồi sự đầy đặn cho khuôn mặt mang đến một diện mạo trẻ trung và xinh đẹp hơn>- một lần cấy h,Sức khỏe - Làm đẹp,Spa - Thẩm mỹ
MOID20240gkf,MA_CMSEDU_15112023_SF4204,Học thử và kiểm tra năng lực tư duy,">ưu đãi tặng buổi kiểm tra năng lực tư duy + 01 buổi học thử tại hệ thống cms việt nam trị giá 2,000",Giáo dục,Khóa học
DOSALESFORCE223418Dq,MA_TMVNGOCDUNG_12102023_SF3958,Tặng 01 suất Vàng trẻ hóa tái tạo da,collagen diễn ra liên tục.,Sức khỏe - Làm đẹp,Spa - Thẩm mỹ
DOSALESFORCE24030P44,MAA_VENESA_22012024_SF4606,"Giảm 1,000,000đ Nâng cơ và Trẻ hóa da","hi sử dụng dịch vụ ưu đãi này, khách hàng được tặng bộ sample mỹ phẩm bijindo (bao gồm gel rửa mặt, ",Sức khỏe - Làm đẹp,Spa - Thẩm mỹ
DOSALESFORCE23297OZ5,MA_LIFETRONS_18102023_SF4197,Giảm 30% Thiết bị làm đẹp từ Thụy Sỹ,">giảm 30% tất cả sản phẩm làm đẹp của >lifetrons việt nam.>giá sản phẩm khoảng từ 890,000đ - 7,190,0",Sức khỏe - Làm đẹp,"Mỹ phẩm - Chăm sóc da, tóc"
